{
  "version": "1.1",
  "gridBounds": {
    "min": [
      -17.400000000000002,
      -5.800000000000001,
      -28.8
    ],
    "max": [
      21.2,
      6.199999999999999,
      12.600000000000005
    ]
  },
  "sceneBounds": {
    "min": [
      -18.57518157942991,
      -11.529984843017896,
      -32.50884691631419
    ],
    "max": [
      24.628919314649544,
      11.35343892399994,
      15.898659660661568
    ]
  },
  "voxelResolution": 0.05,
  "leafSize": 4,
  "treeDepth": 8,
  "numInteriorNodes": 46440,
  "numMixedLeaves": 142066,
  "nodeCount": 249181,
  "leafDataCount": 284132
}